{
    "order": {
        "data": [
            {
                "id": 1,
                "colorId": 1
            },
            {
                "id": 2,
                "colorId": 2
            },
            {
                "id": 3,
                "colorId": 3
            }
        ],
        "included": [
            {
                "colorId": 3,
                "name": "Розовый"
            },
            {
                "colorId": 2,
                "name": "Красный"
            },
            {
                "colorId": 1,
                "name": "Синий"
            }
        ]
    }
}
